[Header],,,
FileFormatVersion,2,,
IndexOrientation,Forward,,
,,,
[Reads],,,
Read1Cycles,151,,
Read2Cycles,151,,
,,,
[BCLConvert_Settings],,,
,,,
[BCLConvert_Data],,,
Sample_ID,Sample_Name,index,index2
Sample_01,harumi-canal_251008_1,ATCACGAC,AAGGTTCA
Sample_02,harumi-canal_251008_2,ACAGTGGT,ACTTAGCA
Sample_03,harumi-canal_251008_3,CAGATCCA,AGAGAACA
Sample_04,bio-garden_251029_1,ATTACTCG,CTTCGCCT
Sample_05,bio-garden_251029_2,TCCGGAGA,TAAGATTA
Sample_06,bio-garden_251029_3,CGCTCATT,ACGTCCTG
Sample_07,shinonome-canal_261105_1,TGTGACCA,GCCTCTAT
Sample_08,shinonome-canal_261105_2,AGGGTCAA,AGGATAGG
Sample_09,shinonome-canal_261105_3,AGGAGTGG,TCAGAGCC
Sample_10,toyosu-canal_260930_1,ACAAACGG,GTGTCTTA
Sample_11,toyosu-canal_260930_2,ACCCAGCA,TCGATTAG
Sample_12,toyosu-canal_260930_3,AACCCCTC,TGTTCTAG
Sample_13,sunamachi-canal_261112_1,CCCAACCT,GGAACTTA
Sample_14,sunamachi-canal_261112_2,CACCACAC,TAGGTCTA
Sample_15,sunamachi-canal_261112_3,GAAACCCA,AGGCTATA